-3064,974
-3064,974
-3064,974
-3064,170
-2566,170
-2566,170
-2566,170
-2566,-212
-1908,-212
-1908,-212
-1908,-212
-1908,-205
-1107,-205
-1107,-205
-1107,-205
-1107,503
-186,503
-186,503
-186,503
-186,1725
299,1725
299,1725
299,1725
299,2573
-221,2573
-221,2573
-221,2573
-221,2495
-1418,2495
-1418,2495
-1418,2495
-1418,1821
-2450,1821
-2450,1821
-2450,1821
-2450,975
-3007,975
-3007,975
-3007,975
-3007,-42
-3222,-42
-3222,-42
-3222,-42
-3222,-1037
-2921,-1037
-2921,-1037
-2921,-1037
-2921,-1311
-1869,-1311
-1869,-1311
-1869,-1311
-1869,-568
-579,-568
-579,-568
-579,-568
-579,553
43,553
43,553
43,553
43,1326
-212,1326
-212,1326
-212,1326
-212,1692
-864,1692
-864,1692
-864,1692
-864,1718
-1666,1718
-1666,1718
-1666,1718
-1666,1097
-2653,1097
-2653,1097
-2653,1097
-2653,-191
-3397,-191
-3397,-191
-3397,-191
-3397,-1363
-3209,-1363
-3209,-1363
-3209,-1363
-3209,-1674
-2158,-1674
-2158,-1674
-2158,-1674
-2158,-1257
-1053,-1257
-1053,-1257
-1053,-1257
-1053,-589
-386,-589
-386,-589
-386,-589
-386,265
-64,265
-64,265
-64,265
-64,1230
-175,1230
-175,1230
-175,1230
-175,1669
-1043,1669
-1043,1669
-1043,1669
-1043,1071
-2376,1071
-2376,1071
-2376,1071
-2376,-133
-3255,-133
-3255,-133
-3255,-133
-3255,-1139
-3229,-1139
-3229,-1139
-3229,-1139
-3229,-1731
-2674,-1731
-2674,-1731
-2674,-1731
-2674,-2012
-1934,-2012
-1934,-2012
-1934,-2012
-1934,-1727
-968,-1727
-968,-1727
-968,-1727
-968,-683
-60,-683
-60,-683
-60,-683
-60,507
58,507
58,507
58,507
58,969
-808,969
-808,969
-808,969
-808,603
-1955,603
-1955,603
-1955,603
-1955,-116
-2741,-116
-2741,-116
-2741,-116
-2741,-1032
-3163,-1032
-3163,-1032
-3163,-1032
-3163,-2158
-3219,-2158
-3219,-2158
-3219,-2158
-3219,-2968
-2553,-2968
-2553,-2968
-2553,-2968
-2553,-2796
-1235,-2796
-1235,-2796
-1235,-2796
-1235,-1821
-113,-1821
-113,-1821
-113,-1821
-113,-856
148,-856
148,-856
148,-856
148,-289
-238,-289
-238,-289
-238,-289
-238,-19
-856,-19
-856,-19
-856,-19
-856,-224
-1707,-224
-1707,-224
-1707,-224
-1707,-1220
-2650,-1220
-2650,-1220
-2650,-1220
-2650,-2606
-2979,-2606
-2979,-2606
-2979,-2606
-2979,-3453
-2263,-3453
-2263,-3453
-2263,-3453
-2263,-3420
-1026,-3420
-1026,-3420
-1026,-3420
-1026,-2912
-18,-2912
-18,-2912
-18,-2912
-18,-2185
626,-2185
626,-2185
626,-2185
626,-1183
963,-1183
963,-1183
963,-1183
963,-286
664,-286
664,-286
664,-286
664,-245
-404,-245
-404,-245
-404,-245
-404,-1143
-1536,-1143
-1536,-1143
-1536,-1143
-1536,-2240
-1908,-2240
-1908,-2240
-1908,-2240
-1908,-2986
-1524,-2986
-1524,-2986
-1524,-2986
-1524,-3420
-828,-3420
-828,-3420
-828,-3420
-828,-3460
108,-3460
108,-3460
108,-3460
108,-2722
1256,-2722
1256,-2722
1256,-2722
1256,-1378
2003,-1378
2003,-1378
2003,-1378
2003,-327
1727,-327
1727,-327
1727,-327
1727,-135
717,-135
717,-135
717,-135
717,-529
-231,-529
-231,-529
-231,-529
-231,-1168
-825,-1168
-825,-1168
-825,-1168
-825,-2102
-1151,-2102
-1151,-2102
-1151,-2102
-1151,-3104
-942,-3104
-942,-3104
-942,-3104
-942,-3420
92,-3420
92,-3420
92,-3420
92,-2709
1443,-2709
1443,-2709
1443,-2709
1443,-1569
2197,-1569
2197,-1569
2197,-1569
2197,-681
2125,-681
2125,-681
2125,-681
2125,-105
1638,-105
1638,-105
1638,-105
1638,152
904,152
904,152
904,152
904,-297
-126,-297
-126,-297
-126,-297
-126,-1503
-974,-1503
-974,-1503
-974,-1503
-974,-2680
-897,-2680
-897,-2680
-897,-2680
-897,-3071
79,-3071
79,-3071
79,-3071
79,-2769
1189,-2769
1189,-2769
1189,-2769
1189,-2167
1983,-2167
1983,-2167
1983,-2167
1983,-1265
2519,-1265
2519,-1265
2519,-1265
2519,-146
2626,-146
2626,-146
2626,-146
2626,497
1910,497
1910,497
1910,497
1910,107
650,107
650,107
650,107
650,-925
-233,-925
-233,-925
-233,-925
-233,-1842
-273,-1842
-273,-1842
-273,-1842
-273,-2445
208,-2445
208,-2445
208,-2445
208,-2781
952,-2781
952,-2781
952,-2781
952,-2506
2035,-2506
2035,-2506
2035,-2506
2035,-1379
3138,-1379
3138,-1379
3138,-1379
3138,-11
3472,-11
3472,-11
3472,-11
3472,719
2798,719
2798,719
2798,719
2798,683
1771,683
1771,683
1771,683
1771,280
986,280
986,280
986,280
986,-413
452,-413
452,-413
452,-413
452,-1419
249,-1419
249,-1419
249,-1419
249,-2166
808,-2166
808,-2166
808,-2166
808,-1941
2085,-1941
2085,-1941
2085,-1941
2085,-884
3232,-884
3232,-884
3232,-884
3232,243
3578,243
3578,243
3578,243
3578,1081
3289,1081
3289,1081
3289,1081
3289,1692
2699,1692
2699,1692
2699,1692
2699,1811
1747,1811
1747,1811
1747,1811
1747,1058
594,1058
594,1058
594,1058
594,-179
0,-179
0,-179
0,-179
0,-973
441,-973
441,-973
441,-973
441,-967
1440,-967
1440,-967
1440,-967
1440,-505
2301,-505
2301,-505
2301,-505
2301,244
2902,244
2902,244
2902,244
2902,1366
3242,1366
3242,1366
3242,1366
3242,2445
2906,2445
2906,2445
2906,2445
2906,2680
1725,2680
1725,2680
1725,2680
1725,1946
398,1946
398,1946
398,1946
398,935
-245,935
-245,935
-245,935
-245,154
-178,154
-178,154
-178,154
-178,-424
238,-424
238,-424
238,-424
238,-631
1004,-631
1004,-631
1004,-631
1004,-10
2098,-10
2098,-10
2098,-10
2098,1292
2858,1292
2858,1292
2858,1292
2858,2384
2615,2384
2615,2384
2615,2384
2615,2691
1618,2691
1618,2691
1618,2691
1618,2440
606,2440
606,2440
606,2440
606,1886
-160,1886
-160,1886
-160,1886
-160,929
-721,929
-721,929
-721,929
-721,-185
-728,-185
-728,-185
-728,-185
-728,-647
164,-647
164,-647
164,-647
164,-75
1458,-75
1458,-75
1458,-75
1458,981
2240,981
2240,981
2240,981
2240,1895
2263,1895
2263,1895
2263,1895
2263,2610
1865,2610
1865,2610
1865,2610
1865,3055
1130,3055
1130,3055
1130,3055
1130,2757
-18,2757
-18,2757
-18,2757
-18,1631
-1065,1631
-1065,1631
-1065,1631
-1065,452
-1218,452
-1218,452
-1218,452
-1218,-25
-467,-25
-467,-25
-467,-25
-467,142
480,142
480,142
480,142
480,640
1213,640
1213,640
1213,640
1213,1539
1771,1539
1771,1539
1771,1539
1771,2749
1900,2749
1900,2749
1900,2749
1900,3530
1141,3530
1141,3530
1141,3530
1141,3280
-250,3280
-250,3280
-250,3280
-250,2344
-1355,2344
-1355,2344
-1355,2344
-1355,1418
-1702,1418
-1702,1418
-1702,1418
-1702,678
-1554,678
-1554,678
-1554,678
-1554,123
-1080,123
-1080,123
-1080,123
-1080,182
-154,182
-154,182
-154,182
-154,1144
880,1144
880,1144
880,1144
880,2415
1188,2415
1188,2415
1188,2415
1188,3118
493,3118
493,3118
493,3118
493,3107
-598,3107
-598,3107
-598,3107
-598,2707
-1545,2707
-1545,2707
-1545,2707
-1545,1914
-2336,1914
-2336,1914
-2336,1914
-2336,688
-2819,688
-2819,688
-2819,688
-2819,-357
-2485,-357
-2485,-357
-2485,-357
-2485,-460
-1343,-460
-1343,-460
-1343,-460
-1343,279
-231,279
-231,279
-231,279
-231,1158
181,1158
181,1158
181,1158
181,1867
22,1867
22,1867
22,1867
22,2437
-464,2437
-464,2437
-464,2437
-464,2523
-1403,2523
-1403,2523
-1403,2523
-1403,1687
-2626,1687
-2626,1687
-2626,1687
-2626,296
-3330,296
-3330,296
-3330,296
-3330,-730
-2998,-730
-2998,-730
-2998,-730
-2998,-1026
-2064,-1026
-2064,-1026
-2064,-1026
-2064,-871
-1164,-871
-1164,-871
-1164,-871
-1164,-346
-400,-346
-400,-346
-400,-346
-400,674
168,674
168,674
168,674
168,1745
42,1745
42,1745
42,1745
42,2022
-994,2022
-994,2022
-994,2022
-994,1340
-2256,1340
-2256,1340
-2256,1340
-2256,335
-2926,335
-2926,335
-2926,335
-2926,-544
-2953,-544
-2953,-544
-2953,-544
-2953,-1315
-2620,-1315
-2620,-1315
-2620,-1315
-2620,-1739
-1848,-1739
-1848,-1739
-1848,-1739
-1848,-1290
-649,-1290
-649,-1290
-649,-1290
-649,-85
275,-85
275,-85
275,-85
275,995
218,995
218,995
218,995
218,1377
-616,1377
-616,1377
-616,1377
-616,1238
-1551,1238
-1551,1238
-1551,1238
-1551,744
-2363,744
-2363,744
-2363,744
-2363,-265
-3056,-265
-3056,-265
-3056,-265
-3056,-1531
-3197,-1531
-3197,-1531
-3197,-1531
-3197,-2204
-2386,-2204
-2386,-2204
-2386,-2204
-2386,-1866
-1096,-1866
-1096,-1866
-1096,-1866
-1096,-1015
-224,-1015
-224,-1015
-224,-1015
-224,-214
-30,-214
-30,-214
-30,-214
-30,496
-239,496
-239,496
-239,496
-239,982
-855,982
-855,982
-855,982
-855,696
-1984,696
-1984,696
-1984,696
-1984,-489
-3080,-489
-3080,-489
-3080,-489
-3080,-1810
-3311,-1810
-3311,-1810
-3311,-1810
-3311,-2522
-2624,-2522
-2624,-2522
-2624,-2522
-2624,-2652
-1667,-2652
-1667,-2652
-1667,-2652
-1667,-2426
-796,-2426
-796,-2426
-796,-2426
-796,-1698
14,-1698
14,-1698
14,-1698
14,-550
432,-550
432,-550
432,-550
432,241
-68,241
-68,241
-68,241
-68,39
-1257,39
-1257,39
-1257,39
-1257,-854
-2236,-854
-2236,-854
-2236,-854
-2236,-1808
-2537,-1808
-2537,-1808
-2537,-1808
-2537,-2681
-2370,-2681
-2370,-2681
-2370,-2681
-2370,-3428
-1815,-3428
-1815,-3428
-1815,-3428
-1815,-3541
-698,-3541
-698,-3541
-698,-3541
-698,-2679
619,-2679
619,-2679
619,-2679
619,-1415
1263,-1415
1263,-1415
1263,-1415
1263,-610
917,-610
917,-610
917,-610
917,-422
130,-422
130,-422
130,-422
130,-605
-623,-605
-623,-605
-623,-605
-623,-1246
-1340,-1246
-1340,-1246
-1340,-1246
-1340,-2414
-1806,-2414
-1806,-2414
-1806,-2414
-1806,-3465
-1438,-3465
-1438,-3465
-1438,-3465
-1438,-3606
-211,-3606
-211,-3606
-211,-3606
-211,-2895
1057,-2895
1057,-2895
1057,-2895
1057,-1973
1705,-1973
1705,-1973
1705,-1973
1705,-1100
1827,-1100
1827,-1100
1827,-1100
1827,-270
1579,-270
1579,-270
1579,-270
1579,94
767,94
767,94
767,94
767,-508
-439,-508
-439,-508
-439,-508
-439,-1739
-1200,-1739
-1200,-1739
-1200,-1739
-1200,-2699
-966,-2699
-966,-2699
-966,-2699
-966,-3026
-116,-3026
-116,-3026
-116,-3026
-116,-2939
782,-2939
782,-2939
782,-2939
782,-2431
1656,-2431
1656,-2431
1656,-2431
1656,-1330
2399,-1330
2399,-1330
2399,-1330
2399,-99
2440,-99
2440,-99
2440,-99
2440,381
1516,381
1516,381
1516,381
1516,-89
291,-89
291,-89
291,-89
291,-932
-437,-932
-437,-932
-437,-932
-437,-1763
-594,-1763
-594,-1763
-594,-1763
-594,-2598
-383,-2598
-383,-2598
-383,-2598
-383,-3130
356,-3130
356,-3130
356,-3130
356,-2761
1630,-2761
1630,-2761
1630,-2761
1630,-1573
2711,-1573
2711,-1573
2711,-1573
2711,-421
2857,-421
2857,-421
2857,-421
2857,134
2231,134
2231,134
2231,134
2231,230
1439,230
1439,230
1439,230
1439,-56
654,-56
654,-56
654,-56
654,-947
-97,-947
-97,-947
-97,-947
-97,-2178
-307,-2178
-307,-2178
-307,-2178
-307,-2867
478,-2867
478,-2867
478,-2867
478,-2563
1810,-2563
1810,-2563
1810,-2563
1810,-1709
2813,-1709
2813,-1709
2813,-1709
2813,-798
3224,-798
3224,-798
3224,-798
3224,150
3250,150
3250,150
3250,150
3250,950
2796,950
2796,950
2796,950
2796,976
1715,976
1715,976
1715,976
1715,61
573,61
573,61
573,61
573,-1062
230,-1062
230,-1062
230,-1062
230,-1669
775,-1669
775,-1669
775,-1669
775,-1766
1624,-1766
1624,-1766
1624,-1766
1624,-1496
2484,-1496
2484,-1496
2484,-1496
2484,-640
3372,-640
3372,-640
3372,-640
3372,731
3887,731
3887,731
3887,731
3887,1813
3440,1813
3440,1813
3440,1813
3440,1937
2227,1937
2227,1937
2227,1937
2227,1357
1121,1357
1121,1357
1121,1357
1121,627
582,627
582,627
582,627
582,-154
448,-154
448,-154
448,-154
448,-908
734,-908
734,-908
734,-908
734,-1051
1670,-1051
1670,-1051
1670,-1051
1670,-194
2890,-194
2890,-194
2890,-194
2890,1119
3494,1119
3494,1119
3494,1119
3494,2055
3136,2055
3136,2055
3136,2055
3136,2447
2307,2447
2307,2447
2307,2447
2307,2473
1414,2473
1414,2473
1414,2473
1414,1958
444,1958
444,1958
444,1958
444,805
-327,805
-327,805
-327,805
-327,-324
-248,-324
-248,-324
-248,-324
-248,-604
748,-604
748,-604
748,-604
748,-56
1873,-56
1873,-56
1873,-56
1873,755
2489,755
2489,755
2489,755
2489,1627
2660,1627
2660,1627
2660,1627
2660,2556
2455,2556
2455,2556
2455,2556
2455,3049
1608,3049
1608,3049
1608,3049
1608,2550
279,2550
279,2550
279,2550
279,1366
-668,1366
-668,1366
-668,1366
-668,365
-657,365
-657,365
-657,365
-657,-97
-18,-97
-18,-97
-18,-97
-18,-185
756,-185
756,-185
756,-185
756,202
1629,202
1629,202
1629,202
1629,1285
2451,1285
2451,1285
2451,1285
2451,2591
2575,2591
2575,2591
2575,2591
2575,3216
1693,3216
1693,3216
1693,3216
1693,2926
434,2926
434,2926
434,2926
434,2231
-432,2231
-432,2231
-432,2231
-432,1448
-823,1448
-823,1448
-823,1448
-823,549
-867,549
-867,549
-867,549
-867,-100
-319,-100
-319,-100
-319,-100
-319,161
852,161
852,161
852,161
852,1287
1899,1287
1899,1287
1899,1287
1899,2453
2056,2453
2056,2453
2056,2453
2056,3119
1444,3119
1444,3119
1444,3119
1444,3384
594,3384
594,3384
594,3384
594,3232
-371,3232
-371,3232
-371,3232
-371,2376
-1407,2376
-1407,2376
-1407,2376
-1407,1073
-1934,1073
-1934,1073
-1934,1073
-1934,226
-1443,226
-1443,226
-1443,226
-1443,313
-345,313
-345,313
-345,313
-345,945
518,945
518,945
518,945
518,1707
891,1707
891,1707
891,1707
891,2609
922,2609
922,2609
922,2609
922,3421
429,3421
429,3421
429,3421
429,3452
-778,3452
-778,3452
-778,3452
-778,2490
-2121,2490
-2121,2490
-2121,2490
-2121,1237
-2717,1237
-2717,1237
-2717,1237
-2717,385
-2442,385
-2442,385
-2442,385
-2442,-48
-1808,-48
-1808,-48
-1808,-48
-1808,-126
-1039,-126
-1039,-126
-1039,-126
-1039,453
-117,453
-117,453
-117,453
-117,1641
497,1641
497,1641
497,1641
497,2618
153,2618
153,2618
153,2618
153,2696
-990,2696
-990,2696
-990,2696
-990,2084
-2095,2084
-2095,2084
-2095,2084
-2095,1261
-2726,1261
-2726,1261
-2726,1261
-2726,277
-3000,277
-3000,277
-3000,277
-3000,-761
-2815,-761
-2815,-761
-2815,-761
-2815,-1203
-1881,-1203
-1881,-1203
-1881,-1203
-1881,-608
-565,-608
-565,-608
-565,-608
-565,515
213,515
213,515
213,515
213,1371
80,1371
80,1371
80,1371
80,1795
-538,1795
-538,1795
-538,1795
-538,1894
-1312,1894
-1312,1894
-1312,1894
-1312,1407
-2280,1407
-2280,1407
-2280,1407
-2280,198
-3121,198
-3121,198
-3121,198
-3121,-1063
-3118,-1063
-3118,-1063
-3118,-1063
-3118,-1534
-2166,-1534
-2166,-1534
-2166,-1534
-2166,-1201
-1017,-1201
-1017,-1201
-1017,-1201
-1017,-557
-274,-557
-274,-557
-274,-557
-274,260
98,260
98,260
98,260
98,1239
85,1239
85,1239
85,1239
85,1824
-650,1824
-650,1824
-650,1824
-650,1402
-1964,1402
-1964,1402
-1964,1402
-1964,240
-2980,240
-2980,240
-2980,240
-2980,-835
-3098,-835
-3098,-835
-3098,-835
-3098,-1485
-2597,-1485
-2597,-1485
-2597,-1485
-2597,-1824
-1889,-1824
-1889,-1824
-1889,-1824
-1889,-1663
-961,-1663
-961,-1663
-961,-1663
-961,-727
3,-727
3,-727
3,-727
3,511
297,511
297,511
297,511
297,1133
-435,1133
-435,1133
-435,1133
-435,879
-1598,879
-1598,879
-1598,879
-1598,196
-2461,196
-2461,196
-2461,196
-2461,-679
-2936,-679
-2936,-679
-2936,-679
-2936,-1787
-3077,-1787
-3077,-1787
-3077,-1787
-3077,-2707
-2553,-2707
-2553,-2707
-2553,-2707
-2553,-2718
-1303,-2718
-1303,-2718
-1303,-2718
-1303,-1825
-81,-1825
-81,-1825
-81,-1825
-81,-808
332,-808
332,-808
332,-808
332,-175
17,-175
17,-175
17,-175
17,146
-573,146
-573,146
-573,146
-573,53
-1380,53
-1380,53
-1380,53
-1380,-809
-2347,-809
-2347,-809
-2347,-809
-2347,-2192
-2836,-2192
-2836,-2192
-2836,-2192
-2836,-3181
-2288,-3181
-2288,-3181
-2288,-3181
-2288,-3279
-1078,-3279
-1078,-3279
-1078,-3279
-1078,-2818
-4,-2818
-4,-2818
-4,-2818
-4,-2131
689,-2131
689,-2131
689,-2131
689,-1167
1091,-1167
1091,-1167
1091,-1167
1091,-197
926,-197
926,-197
926,-197
926,27
-41,27
-41,27
-41,27
-41,-749
-1235,-749
-1235,-749
-1235,-749
-1235,-1869
-1764,-1869
-1764,-1869
-1764,-1869
-1764,-2680
-1478,-2680
-1478,-2680
-1478,-2680
-1478,-3159
-818,-3159
-818,-3159
-818,-3159
-818,-3292
67,-3292
67,-3292
67,-3292
67,-2699
1204,-2699
1204,-2699
1204,-2699
1204,-1405
2077,-1405
2077,-1405
2077,-1405
2077,-238
1981,-238
1981,-238
1981,-238
1981,99
1038,99
1038,99
1038,99
1038,-229
37,-229
37,-229
37,-229
37,-828
-614,-828
-614,-828
-614,-828
-614,-1707
-992,-1707
-992,-1707
-992,-1707
-992,-2743
-908,-2743
-908,-2743
-908,-2743
-908,-3225
-7,-3225
-7,-3225
-7,-3225
-7,-2666
1357,-2666
1357,-2666
1357,-2666
1357,-1538
2255,-1538
2255,-1538
2255,-1538
2255,-585
2298,-585
2298,-585
2298,-585
2298,35
1854,35
1854,35
1854,35
1854,368
1168,368
1168,368
1168,368
1168,66
172,66
172,66
172,66
172,-1047
-767,-1047
-767,-1047
-767,-1047
-767,-2299
-878,-2299
-878,-2299
-878,-2299
-878,-2840
-12,-2840
-12,-2840
-12,-2840
-12,-2622
1127,-2622
1127,-2622
1127,-2622
1127,-2059
1973,-2059
1973,-2059
1973,-2059
1973,-1216
2549,-1216
2549,-1216
2549,-1216
2549,-99
2759,-99
2759,-99
2759,-99
2759,685
2189,685
2189,685
2189,685
2189,471
961,471
961,471
961,471
961,-509
-46,-509
-46,-509
-46,-509
-46,-1479
-223,-1479
-223,-1479
-223,-1479
-223,-2126
199,-2126
199,-2126
199,-2126
199,-2519
892,-2519
892,-2519
892,-2519
892,-2381
1918,-2381
1918,-2381
1918,-2381
1918,-1380
3069,-1380
3069,-1380
3069,-1380
3069,19
3577,19
3577,19
3577,19
3577,893
3043,893
3043,893
3043,893
3043,962
2017,962
2017,962
2017,962
2017,603
1176,603
1176,603
1176,603
1176,-29
605,-29
605,-29
605,-29
605,-1003
316,-1003
316,-1003
316,-1003
316,-1856
720,-1856
720,-1856
720,-1856
720,-1816
1918,-1816
1918,-1816
1918,-1816
1918,-849
3154,-849
3154,-849
3154,-849
3154,312
3642,312
3642,312
3642,312
3642,1197
3428,1197
3428,1197
3428,1197
3428,1851
2883,1851
2883,1851
2883,1851
2883,2090
1998,2090
1998,2090
1998,2090
1998,1487
834,1487
834,1487
834,1487
834,268
85,268
85,268
85,268
85,-652
357,-652
357,-652
357,-652
357,-768
1318,-768
1318,-768
1318,-768
1318,-357
2226,-357
2226,-357
2226,-357
2226,335
2861,335
2861,335
2861,335
2861,1403
3263,1403
3263,1403
3263,1403
3263,2548
3073,2548
3073,2548
3073,2548
3073,2966
2006,2966
2006,2966
2006,2966
2006,2360
631,2360
631,2360
631,2360
631,1343
-158,1343
-158,1343
-158,1343
-158,516
-185,516
-185,516
-185,516
-185,-93
182,-93
182,-93
182,-93
182,-396
875,-396
875,-396
875,-396
875,67
1940,67
1940,67
1940,67
1940,1306
2817,1306
2817,1306
2817,1306
2817,2498
2755,2498
2755,2498
2755,2498
2755,2940
1830,2940
1830,2940
1830,2940
1830,2754
782,2754
782,2754
782,2754
782,2255
-23,2255
-23,2255
-23,2255
-23,1369
-632,1369
-632,1369
-632,1369
-632,231
-773,231
-773,231
-773,231
-773,-394
-28,-394
-28,-394
-28,-394
-28,20
1263,20
1263,20
1263,20
1263,1051
2175,1051
2175,1051
2175,1051
2175,2006
2305,2006
2305,2006
2305,2006
2305,2749
1958,2749
1958,2749
1958,2749
1958,3267
1290,3267
1290,3267
1290,3267
1290,3126
195,3126
195,3126
195,3126
195,2105
-934,2105
-934,2105
-934,2105
-934,865
-1272,865
-1272,865
-1272,865
-1272,250
-635,250
-635,250
-635,250
-635,336
324,336
324,336
324,336
324,782
1092,782
1092,782
1092,782
1092,1602
1682,1602
1682,1602
1682,1602
1682,2797
1920,2797
1920,2797
1920,2797
1920,3713
1320,3713
1320,3713
1320,3713
1320,3640
-24,3640
-24,3640
-24,3640
-24,2766
-1238,2766
-1238,2766
-1238,2766
-1238,1809
-1711,1809
-1711,1809
-1711,1809
-1711,1044
-1624,1044
-1624,1044
-1624,1044
-1624,439
-1216,439
-1216,439
-1216,439
-1216,355
-367,355
-367,355
-367,355
-367,1180
703,1180
703,1180
703,1180
703,2468
1181,2468
1181,2468
1181,2468
1181,3303
629,3303
629,3303
629,3303
629,3391
-451,3391
-451,3391
-451,3391
-451,3044
-1436,3044
-1436,3044
-1436,3044
-1436,2332
-2252,2332
-2252,2332
-2252,2332
-2252,1156
-2824,1156
-2824,1156
-2824,1156
-2824,14
-2657,14
-2657,14
-2657,14
-2657,-273
-1610,-273
-1610,-273
-1610,-273
-1610,369
-427,369
-427,369
-427,369
-427,1265
112,1265
112,1265
112,1265
112,1999
22,1999
22,1999
22,1999
22,2601
-409,2601
-409,2601
-409,2601
-409,2811
-1265,2811
-1265,2811
-1265,2811
-1265,2134
-2486,2134
-2486,2134
-2486,2134
-2486,773
-3341,773
-3341,773
-3341,773
-3341,-366
-3181,-366
-3181,-366
-3181,-366
-3181,-775
-2297,-775
-2297,-775
-2297,-775
-2297,-678
-1371,-678
-1371,-678
-1371,-678
-1371,-230
-592,-230
-592,-230
-592,-230
-592,714
34,714
34,714
34,714
34,1837
62,1837
62,1837
62,1837
62,2290
-847,2290
-847,2290
-847,2290
-847,1738
-2144,1738
-2144,1738
-2144,1738
-2144,738
-2944,738
-2944,738
-2944,738
-2944,-167
-3059,-167
-3059,-167
-3059,-167
-3059,-959
-2784,-959
-2784,-959
-2784,-959
-2784,-1482
-2102,-1482
-2102,-1482
-2102,-1482
-2102,-1202
-946,-1202
-946,-1202
-946,-1202
-946,-75
90,-75
90,-75
90,-75
90,1089
211,1089
211,1089
211,1089
211,1591
-543,1591
-543,1591
-543,1591
-543,1517
-1496,1517
-1496,1517
-1496,1517
-1496,1091
-2325,1091
-2325,1091
-2325,1091
-2325,172
-3057,172
-3057,172
-3057,172
-3057,-1104
-3337,-1104
-3337,-1104
-3337,-1104
-3337,-1934
-2684,-1934
-2684,-1934
-2684,-1934
-2684,-1754
-1409,-1754
-1409,-1754
-1409,-1754
-1409,-939
-425,-939
-425,-939
-425,-939
-425,-116
-134,-116
-134,-116
-134,-116
-134,605
-289,605
-289,605
-289,605
-289,1161
-821,1161
-821,1161
-821,1161
-821,1040
-1882,1040
-1882,1040
-1882,1040
-1882,-27
-3051,-27
-3051,-27
-3051,-27
-3051,-1396
-3464,-1396
-3464,-1396
-3464,-1396
-3464,-2231
-2897,-2231
-2897,-2231
-2897,-2231
-2897,-2438
-1946,-2438
-1946,-2438
-1946,-2438
-1946,-2275
-1062,-2275
-1062,-2275
-1062,-2275
-1062,-1646
-236,-1646
-236,-1646
-236,-1646
-236,-531
292,-531
292,-531
292,-531
292,384
-40,384
-40,384
-40,384
-40,355
-1172,355
-1172,355
-1172,355
-1172,-472
-2246,-472
-2246,-472
-2246,-472
-2246,-1442
-2660,-1442
-2660,-1442
-2660,-1442
-2660,-2324
-2555,-2324
-2555,-2324
-2555,-2324
-2555,-3118
-2082,-3118
-2082,-3118
-2082,-3118
-2082,-3383
-1061,-3383
-1061,-3383
-1061,-3383
-1061,-2673
281,-2673
281,-2673
281,-2673
281,-7
-296,-7
-296,-7
-296,-7
-296,-549
-1329,-549
-1329,-549
-1329,-549
-1329,-1579
-1977,-1579
-1977,-1579
-1977,-1579
-1977,-2535
-1898,-2535
-1898,-2535
-1898,-2535
-1898,-3098
-1242,-3098
-1242,-3098
-1242,-3098
-1242,-3165
-285,-3165
-285,-3165
-285,-3165
-285,-2627
758,-2627
758,-2627
758,-2627
758,-1564
1528,-1564
1528,-1564
1528,-1564
1528,-477
1589,-477
1589,-477
1589,-477
1589,46
888,46
888,46
888,46
888,-145
-108,-145
-108,-145
-108,-145
-108,-811
-896,-811
-896,-811
-896,-811
-896,-1712
-1262,-1712
-1262,-1712
-1262,-1712
-1262,-2610
-1102,-2610
-1102,-2610
-1102,-2610
-1102,-3071
-326,-3071
-326,-3071
-326,-3071
-326,-2742
839,-2742
839,-2742
839,-2742
839,-1784
1788,-1784
1788,-1784
1788,-1784
1788,-743
2055,-743
2055,-743
2055,-743
2055,-17
1674,-17
1674,-17
1674,-17
1674,252
912,252
912,252
912,252
912,-61
-22,-61
-22,-61
-22,-61
-22,-974
-820,-974
-820,-974
-820,-974
-820,-2088
-1011,-2088
-1011,-2088
-1011,-2088
-1011,-2776
-396,-2776
-396,-2776
-396,-2776
-396,-2746
672,-2746
672,-2746
672,-2746
672,-2164
1654,-2164
1654,-2164
1654,-2164
1654,-1272
2268,-1272
2268,-1272
2268,-1272
2268,-283
2391,-283
2391,-283
2391,-283
2391,410
1895,410
1895,410
1895,410
1895,371
889,371
889,371
889,371
889,-398
-87,-398
-87,-398
-87,-398
-87,-1408
-472,-1408
-472,-1408
-472,-1408
-472,-2195
-165,-2195
-165,-2195
-165,-2195
-165,-2564
599,-2564
599,-2564
599,-2564
599,-2382
1611,-2382
1611,-2382
1611,-2382
1611,-1554
2610,-1554
2610,-1554
2610,-1554
2610,-358
3130,-358
3130,-358
3130,-358
3130,585
2841,585
2841,585
2841,585
2841,853
1956,853
1956,853
1956,853
1956,510
1014,510
1014,510
1014,510
1014,-205
370,-205
370,-205
370,-205
370,-1098
169,-1098
169,-1098
169,-1098
169,-1830
565,-1830
565,-1830
565,-1830
565,-1915
1556,-1915
1556,-1915
1556,-1915
1556,-1202
2695,-1202
2695,-1202
2695,-1202
2695,-81
3365,-81
3365,-81
3365,-81
3365,936
3326,936
3326,936
3326,936
3326,1595
2751,1595
2751,1595
2751,1595
2751,1752
1852,1752
1852,1752
1852,1752
1852,1258
848,1258
848,1258
848,1258
848,263
172,263
172,263
172,263
172,-658
251,-658
251,-658
251,-658
251,-979
1030,-979
1030,-979
1030,-979
1030,-644
2012,-644
2012,-644
2012,-644
2012,131
2770,131
2770,131
2770,131
2770,1160
3124,1160
3124,1160
3124,1160
3124,2156
2911,2156
2911,2156
2911,2156
2911,2628
2042,2628
2042,2628
2042,2628
2042,2280
844,2280
844,2280
844,2280
844,1374
-51,1374
-51,1374
-51,1374
-51,436
-269,436
-269,436
-269,436
-269,-214
104,-214
104,-214
104,-214
104,-420
858,-420
858,-420
858,-420
858,0
1806,0
1806,0
1806,0
1806,1016
2568,1016
2568,1016
2568,1016
2568,2141
2656,2141
2656,2141
2656,2141
2656,2773
1964,2773
1964,2773
1964,2773
1964,2724
913,2724
913,2724
913,2724
913,2167
-21,2167
-21,2167
-21,2167
-21,1284
-609,1284
-609,1284
-609,1284
-609,309
-681,309
-681,309
-681,309
-681,-290
-81,-290
-81,-290
-81,-290
-81,-103
995,-103
995,-103
995,-103
995,761
1946,761
1946,761
1946,761
1946,1800
2283,1800
2283,1800
2283,1800
2283,2627
1984,2627
1984,2627
1984,2627
1984,3065
1244,3065
1244,3065
1244,3065
1244,2916
229,2916
229,2916
229,2916
229,2105
-743,2105
-743,2105
-743,2105
-743,1007
-1159,1007
-1159,1007
-1159,1007
-1159,253
-766,253
-766,253
-766,253
-766,166
131,166
131,166
131,166
131,642
1031,642
1031,642
1031,642
1031,1501
1645,1501
1645,1501
1645,1501
1645,2556
1799,2556
1799,2556
1799,2556
1799,3385
1292,3385
1292,3385
1292,3385
1292,3498
189,3498
189,3498
189,3498
189,2845
-980,2845
-980,2845
-980,2845
-980,1864
-1640,1864
-1640,1864
-1640,1864
-1640,995
-1648,995
-1648,995
-1648,995
-1648,451
-1164,451
-1164,451
-1164,451
-1164,431
-342,431
-342,431
-342,431
-342,1094
563,1094
563,1094
563,1094
563,2196
1050,2196
1050,2196
1050,2196
1050,3118
739,3118
739,3118
739,3118
739,3415
-207,3415
-207,3415
-207,3415
-207,3096
-1294,3096
-1294,3096
-1294,3096
-1294,2332
-2172,2332
-2172,2332
-2172,2332
-2172,1277
-2656,1277
-2656,1277
-2656,1277
-2656,288
-2518,288
-2518,288
-2518,288
-2518,-107
-1707,-107
-1707,-107
-1707,-107
-1707,301
-645,301
-645,301
-645,301
-645,1173
45,1173
45,1173
45,1173
45,2036
91,2036
91,2036
91,2036
91,2630
-399,2630
-399,2630
-399,2630
-399,2758
-1278,2758
-1278,2758
-1278,2758
-1278,2204
-2349,2204
-2349,2204
-2349,2204
-2349,1075
-3151,1075
-3151,1075
-3151,1075
-3151,-64
-3208,-64
-3208,-64
-3208,-64
-3208,-672
-2526,-672
-2526,-672
-2526,-672
-2526,-643
-1552,-643
-1552,-643
-1552,-643
-1552,-126
-691,-126
-691,-126
-691,-126
-691,749
-150,749
-150,749
-150,749
-150,1698
-162,1698
-162,1698
-162,1698
-162,2189
-879,2189
-879,2189
-879,2189
-879,1877
-2006,1877
-2006,1877
-2006,1877
-2006,971
-2916,971
-2916,971
-2916,971
-2916,-50
-3215,-50
-3215,-50
-3215,-50
-3215,-876
-2930,-876
-2930,-876
-2930,-876
-2930,-1304
-2203,-1304
-2203,-1304
-2203,-1304
-2203,-1087
-1186,-1087
-1186,-1087
-1186,-1087
-1186,-203
-273,-203
-273,-203
-273,-203
-273,881
-2,881
-2,881
-2,881
-2,1555
-525,1555
-525,1555
-525,1555
-525,1596
-1478,1596
-1478,1596
-1478,1596
-1478,1107
-2418,1107
-2418,1107
-2418,1107
-2418,205
-3105,205
-3105,205
-3105,205
-3105,-893
-3311,-893
-3311,-893
-3311,-893
-3311,-1692
-2809,-1692
-2809,-1692
-2809,-1692
-2809,-1733
-1755,-1733
-1755,-1733
-1755,-1733
-1755,-1076
-736,-1076
-736,-1076
-736,-1076
-736,-170
-254,-170
-254,-170
-254,-170
-254,620
-378,620
-378,620
-378,620
-378,1086
-982,1086
-982,1086
-982,1086
-982,965
-1950,965
-1950,965
-1950,965
-1950,123
-2961,123
-2961,123
-2961,123
-2961,-1095
-3461,-1095
-3461,-1095
-3461,-1095
-3461,-2060
-3148,-2060
-3148,-2060
-3148,-2060
-3148,-2423
-2269,-2423
-2269,-2423
-2269,-2423
-2269,-2223
-1282,-2223
-1282,-2223
-1282,-2223
-1282,-1571
-470,-1571
-470,-1571
-470,-1571
-470,-619
-54,-619
-54,-619
-54,-619
-54,195
-304,195
-304,195
-304,195
-304,339
-1206,339
-1206,339
-1206,339
-1206,-285
-2250,-285
-2250,-285
-2250,-285
-2250,-1293
-2857,-1293
-2857,-1293
-2857,-1293
-2857,-2279
-2847,-2279
-2847,-2279
-2847,-2279
-2847,-3013
-2313,-3013
-2313,-3013
-2313,-3013
-2313,-3234
-1350,-3234
-1350,-3234
-1350,-3234
-1350,-2718
-199,-2718
-199,-2718
-199,-2718
-199,-1671
605,-1671
605,-1671
605,-1671
605,-698
635,-698
635,-698
635,-698
635,-258
-3,-258
-3,-258
-3,-258
-3,-396
-867,-396
-867,-396
-867,-396
-867,-1013
-1629,-1013
-1629,-1013
-1629,-1013
-1629,-2003
-2072,-2003
-2072,-2003
-2072,-2003
-2072,-3007
-1904,-3007
-1904,-3007
-1904,-3007
-1904,-3457
-1016,-3457
-1016,-3457
-1016,-3457
-1016,-3100
197,-3100
197,-3100
197,-3100
197,-2220
1116,-2220
1116,-2220
1116,-2220
1116,-1248
1441,-1248
1441,-1248
1441,-1248
1441,-442
1215,-442
1215,-442
1215,-442
1215,-54
518,-54
518,-54
518,-54
518,-368
-482,-368
-482,-368
-482,-368
-482,-1325
-1306,-1325
-1306,-1325
-1306,-1325
-1306,-2384
-1432,-2384
-1432,-2384
-1432,-2384
-1432,-2998
-815,-2998
-815,-2998
-815,-2998
-815,-3024
154,-3024
154,-3024
154,-3024
154,-2538
1107,-2538
1107,-2538
1107,-2538
1107,-1614
1817,-1614
1817,-1614
1817,-1614
1817,-526
1992,-526
1992,-526
1992,-526
1992,165
1421,165
1421,165
1421,165
1421,68
360,68
360,68
360,68
360,-663
-575,-663
-575,-663
-575,-663
-575,-1600
-971,-1600
-971,-1600
-971,-1600
-971,-2448
-801,-2448
-801,-2448
-801,-2448
-801,-2967
-132,-2967
-132,-2967
-132,-2967
-132,-2841
928,-2841
928,-2841
928,-2841
928,-1990
1978,-1990
1978,-1990
1978,-1990
1978,-855
2445,-855
2445,-855
2445,-855
2445,-36
2125,-36
2125,-36
2125,-36
2125,214
1328,214
1328,214
1328,214
1328,-67
450,-67
450,-67
450,-67
450,-825
-266,-825
-266,-825
-266,-825
-266,-1871
-539,-1871
-539,-1871
-539,-1871
-539,-2685
-81,-2685
-81,-2685
-81,-2685
-81,-2768
999,-2768
999,-2768
999,-2768
999,-2125
2132,-2125
2132,-2125
2132,-2125
2132,-1151
2810,-1151
2810,-1151
2810,-1151
2810,-177
2918,-177
2918,-177
2918,-177
2918,565
2507,565
2507,565
2507,565
2507,749
1636,749
1636,749
1636,749
1636,179
618,179
618,179
618,179
618,-837
34,-837
34,-837
34,-837
34,-1684
232,-1684
232,-1684
232,-1684
232,-1997
1018,-1997
1018,-1997
1018,-1997
1018,-1761
1987,-1761
1987,-1761
1987,-1761
1987,-1014
2868,-1014
2868,-1014
2868,-1014
2868,128
3399,128
3399,128
3399,128
3399,1217
3244,1217
3244,1217
3244,1217
3244,1684
2366,1684
2366,1684
2366,1684
2366,1377
1244,1377
1244,1377
1244,1377
1244,621
455,621
455,621
455,621
455,-222
212,-222
212,-222
212,-222
212,-916
493,-916
493,-916
493,-916
493,-1150
1266,-1150
1266,-1150
1266,-1150
1266,-634
2315,-634
2315,-634
2315,-634
2315,468
3087,468
3087,468
3087,468
3087,1572
3114,1572
3114,1572
3114,1572
3114,2214
2452,2214
2452,2214
2452,2214
2452,2301
1487,2301
1487,2301
1487,2301
1487,1858
518,1858
518,1858
518,1858
518,941
-207,941
-207,941
-207,941
-207,-94
-333,-94
-333,-94
-333,-94
-333,-651
308,-651
308,-651
308,-651
308,-427
1358,-427
1358,-427
1358,-427
1358,350
2215,350
2215,350
2215,350
2215,1306
2556,1306
2556,1306
2556,1306
2556,2192
2366,2192
2366,2192
2366,2192
2366,2715
1654,2715
1654,2715
1654,2715
1654,2529
551,2529
551,2529
551,2529
551,1642
-453,1642
-453,1642
-453,1642
-453,570
-804,570
-804,570
-804,570
-804,-146
-403,-146
-403,-146
-403,-146
-403,-326
413,-326
413,-326
413,-326
413,26
1318,26
1318,26
1318,26
1318,898
2074,898
2074,898
2074,898
2074,2036
2331,2036
2331,2036
2331,2036
2331,2857
1815,2857
1815,2857
1815,2857
1815,2928
736,2928
736,2928
736,2928
736,2348
-311,2348
-311,2348
-311,2348
-311,1487
-908,1487
-908,1487
-908,1487
-908,614
-978,614
-978,614
-978,614
-978,-6
-517,-6
-517,-6
-517,-6
-517,7
417,7
417,7
417,7
417,784
1424,784
1424,784
1424,784
1424,1922
1902,1922
1902,1922
1902,1922
1902,2833
1600,2833
1600,2833
1600,2833
1600,3238
772,3238
772,3238
772,3238
772,3111
-241,3111
-241,3111
-241,3111
-241,2434
-1197,2434
-1197,2434
-1197,2434
-1197,1363
-1773,1363
-1773,1363
-1773,1363
-1773,428
-1613,428
-1613,428
-1613,428
-1613,160
-776,160
-776,160
-776,160
-776,606
198,606
198,606
198,606
198,1434
809,1434
809,1434
809,1434
809,2349
905,2349
905,2349
905,2349
905,3106
466,3106
466,3106
466,3106
466,3322
-506,3322
-506,3322
-506,3322
-506,2744
-1712,2744
-1712,2744
-1712,2744
-1712,1638
-2550,1638
-2550,1638
-2550,1638
-2550,596
-2627,596
-2627,596
-2627,596
-2627,-5
-2081,-5
-2081,-5
-2081,-5
-2081,-93
-1257,-93
-1257,-93
-1257,-93
-1257,368
-402,368
-402,368
-402,368
-402,1309
190,1309
190,1309
190,1309
190,2285
120,2285
120,2285
120,2285
120,2700
-701,2700
-701,2700
-701,2700
-701,2359
-1831,2359
-1831,2359
-1831,2359
-1831,1526
-2709,1526
-2709,1526
-2709,1526
-2709,516
-3096,516
-3096,516
-3096,516
-3096,-439
-2951,-439
-2951,-439
-2951,-439
-2951,-975
-2235,-975
-2235,-975
-2235,-975
-2235,-744
-1139,-744
-1139,-744
-1139,-744
-1139,143
-229,143
-229,143
-229,143
-229,1130
-9,1130
-9,1130
-9,1130
-9,1756
-478,1756
-478,1756
-478,1756
-478,1887
-1313,1887
-1313,1887
-1313,1887
-1313,1474
-2254,1474
-2254,1474
-2254,1474
-2254,517
-3036,517
-3036,517
-3036,517
-3036,-644
-3250,-644
-3250,-644
-3250,-644
-3250,-1392
-2669,-1392
-2669,-1392
-2669,-1392
-2669,-1387
-1611,-1387
-1611,-1387
-1611,-1387
-1611,-797
-658,-797
-658,-797
-658,-797
-658,60
-142,60
-142,60
-142,60
-142,952
-138,952
-138,952
-138,952
-138,1551
-708,1551
-708,1551
-708,1551
-708,1445
-1764,1445
-1764,1445
-1764,1445
-1764,592
-2815,592
-2815,592
-2815,592
-2815,-533
-3277,-533
-3277,-533
-3277,-533
-3277,-1403
-3005,-1403
-3005,-1403
-3005,-1403
-3005,-1810
-2270,-1810
-2270,-1810
-2270,-1810
-2270,-1690
-1348,-1690
-1348,-1690
-1348,-1690
-1348,-989
-478,-989
-478,-989
-478,-989
-478,62
-57,62
-57,62
-57,62
-57,872
-418,872
-418,872
-418,872
-418,973
-1394,973
-1394,973
-1394,973
-1394,411
-2422,411
-2422,411
-2422,411
-2422,-508
-3083,-508
-3083,-508
-3083,-508
-3083,-1548
-3253,-1548
-3253,-1548
-3253,-1548
-3253,-2419
-2852,-2419
-2852,-2419
-2852,-2419
-2852,-2683
-1886,-2683
-1886,-2683
-1886,-2683
-1886,-2152
-743,-2152
-743,-2152
-743,-2152
-743,-1184
-43,-1184
-43,-1184
-43,-1184
-43,-344
-78,-344
-78,-344
-78,-344
-78,78
-659,78
-659,78
-659,78
-659,-2
-1498,-2
-1498,-2
-1498,-2
-1498,-674
-2372,-674
-2372,-674
-2372,-674
-2372,-1816
-2920,-1816
-2920,-1816
-2920,-1816
-2920,-2898
-2727,-2898
-2727,-2898
-2727,-2898
-2727,-3358
-1805,-3358
-1805,-3358
-1805,-3358
-1805,-3102
-654,-3102
-654,-3102
-654,-3102
-654,-2396
233,-2396
233,-2396
233,-2396
233,-1486
672,-1486
672,-1486
672,-1486
672,-626
571,-626
571,-626
571,-626
571,-246
-132,-246
-132,-246
-132,-246
-132,-659
-1166,-659
-1166,-659
-1166,-659
-1166,-1645
-1916,-1645
-1916,-1645
-1916,-1645
-1916,-2646
-1960,-2646
-1960,-2646
-1960,-2646
-1960,-3286
-1378,-3286
-1378,-3286
-1378,-3286
-1378,-3445
-455,-3445
-455,-3445
-455,-3445
-455,-3014
594,-3014
594,-3014
594,-3014
594,-2016
1447,-2016
1447,-2016
1447,-2016
1447,-885
1651,-885
1651,-885
1651,-885
1651,-240
1059,-240
1059,-240
1059,-240
1059,-320
73,-320
73,-320
73,-320
73,-925
-770,-925
-770,-925
-770,-925
-770,-1801
-1213,-1801
-1213,-1801
-1213,-1801
-1213,-2724
-1150,-2724
-1150,-2724
-1150,-2724
-1150,-3293
-473,-3293
-473,-3293
-473,-3293
-473,-3104
664,-3104
664,-3104
664,-3104
664,-2219
1695,-2219
1695,-2219
1695,-2219
1695,-1153
2092,-1153
2092,-1153
2092,-1153
2092,-359
1806,-359
1806,-359
1806,-359
1806,-6
1095,-6
1095,-6
1095,-6
1095,-210
176,-210
176,-210
176,-210
176,-1035
-675,-1035
-675,-1035
-675,-1035
-675,-2160
-996,-2160
-996,-2160
-996,-2160
-996,-2955
-506,-2955
-506,-2955
-506,-2955
-506,-3045
528,-3045
528,-3045
528,-3045
528,-2537
1556,-2537
1556,-2537
1556,-2537
1556,-1684
2243,-1684
2243,-1684
2243,-1684
2243,-690
2462,-690
2462,-690
2462,-690
2462,90
2078,90
2078,90
2078,90
2078,193
1132,193
1132,193
1132,193
1132,-477
105,-477
105,-477
105,-477
105,-1487
-400,-1487
-400,-1487
-400,-1487
-400,-2331
-196,-2331
-196,-2331
-196,-2331
-196,-2779
509,-2779
509,-2779
509,-2779
509,-2701
1495,-2701
1495,-2701
1495,-2701
1495,-1977
2526,-1977
2526,-1977
2526,-1977
2526,-803
3165,-803
3165,-803
3165,-803
3165,226
3017,226
3017,226
3017,226
3017,617
2199,617
2199,617
2199,617
2199,362
1234,362
1234,362
1234,362
1234,-303
528,-303
528,-303
528,-303
528,-1183
245,-1183
245,-1183
245,-1183
245,-1976
532,-1976
532,-1976
532,-1976
532,-2197
1442,-2197
1442,-2197
1442,-2197
1442,-1603
2605,-1603
2605,-1603
2605,-1603
2605,-511
3388,-511
3388,-511
3388,-511
3388,550
3466,550
3466,550
3466,550
3466,1280
2967,1280
2967,1280
2967,1280
2967,1535
2113,1535
2113,1535
2113,1535
2113,1156
1105,1156
1105,1156
1105,1156
1105,215
337,215
337,215
337,215
337,-765
277,-765
277,-765
277,-765
277,-1205
968,-1205
968,-1205
968,-1205
968,-967
1955,-967
1955,-967
1955,-967
1955,-252
2770,-252
2770,-252
2770,-252
2770,748
3204,748
3204,748
3204,748
3204,1783
3103,1783
3103,1783
3103,1783
3103,2378
2338,2378
2338,2378
2338,2378
2338,2167
1155,2167
1155,2167
1155,2167
1155,1321
171,1321
171,1321
171,1321
171,358
-164,358
-164,358
-164,358
-164,-352
126,-352
126,-352
126,-352
126,-645
828,-645
828,-645
828,-645
828,-340
1764,-340
1764,-340
1764,-340
1764,599
2597,599
2597,599
2597,599
2597,1753
2825,1753
2825,1753
2825,1753
2825,2498
2249,2498
2249,2498
2249,2498
2249,2558
1221,2558
1221,2558
1221,2558
1221,2074
247,2074
247,2074
247,2074
247,1236
-409,1236
-409,1236
-409,1236
-409,251
-581,251
-581,251
-581,251
-581,-449
-95,-449
-95,-449
-95,-449
-95,-403
938,-403
938,-403
938,-403
938,378
1958,378
1958,378
1958,378
1958,1423
2415,1423
2415,1423
2415,1423
2415,2303
2213,2303
2213,2303
2213,2303
2213,2820
1538,2820
1538,2820
1538,2820
1538,2786
557,2786
557,2786
557,2786
557,2077
-455,2077
-455,2077
-455,2077
-455,984
-997,984
-997,984
-997,984
-997,136
-733,136
-733,136
-733,136
-733,-64
118,-64
118,-64
118,-64
118,332
1046,332
1046,332
1046,332
1046,1137
1722,1137
1722,1137
1722,1137
1722,2182
1971,2182
1971,2182
1971,2182
1971,3089
1587,3089
1587,3089
1587,3089
1587,3346
560,3346
560,3346
560,3346
560,2803
-644,2803
-644,2803
-644,2803
-644,1842
-1414,1842
-1414,1842
-1414,1842
-1414,936
-1522,936
-1522,936
-1522,936
-1522,326
-1107,326
-1107,326
-1107,326
-1107,202
-331,202
-331,202
-331,202
-331,752
592,752
592,752
592,752
592,1820
1190,1820
1190,1820
1190,1820
1190,2816
1021,2816
1021,2816
1021,2816
1021,3231
152,3231
152,3231
152,3231
152,3007
-942,3007
-942,3007
-942,3007
-942,2310
-1868,2310
-1868,2310
-1868,2310
-1868,1290
-2432,1290
-2432,1290
-2432,1290
-2432,253
-2413,253
-2413,253
-2413,253
-2413,-271
-1699,-271
-1699,-271
-1699,-271
-1699,13
-632,13
-632,13
-632,13
-632,845
156,845
156,845
156,845
156,1735
312,1735
312,1735
312,1735
312,2388
-98,2388
-98,2388
-98,2388
-98,2614
-918,2614
-918,2614
-918,2614
-918,2185
-1980,2185
-1980,2185
-1980,2185
-1980,1124
-2868,1124
-2868,1124
-2868,1124
-2868,-59
-3067,-59
-3067,-59
-3067,-59
-3067,-775
-2483,-775
-2483,-775
-2483,-775
-2483,-845
-1523,-845
-1523,-845
-1523,-845
-1523,-399
-624,-399
-624,-399
-624,-399
-624,429
-14,429
-14,429
-14,429
-14,1400
88,1400
88,1400
88,1400
88,2008
-513,2008
-513,2008
-513,2008
-513,1835
-1611,1835
-1611,1835
-1611,1835
-1611,998
-2597,998
-2597,998
-2597,998
-2597,-31
-3005,-31
-3005,-31
-3005,-31
-3005,-901
-2807,-901
-2807,-901
-2807,-901
-2807,-1413
-2147,-1413
-2147,-1413
-2147,-1413
-2147,-1318
-1159,-1318
-1159,-1318
-1159,-1318
-1159,-525
-188,-525
-188,-525
-188,-525
-188,574
222,574
222,574
222,574
222,1349
-181,1349
-181,1349
-181,1349
-181,1497
-1096,1497
-1096,1497
-1096,1497
-1096,1089
-2058,1089
-2058,1089
-2058,1089
-2058,252
-2800,252
-2800,252
-2800,252
-2800,-839
-3106,-839
-3106,-839
-3106,-839
-3106,-1728
-2729,-1728
-2729,-1728
-2729,-1728
-2729,-1910
-1734,-1910
-1734,-1910
-1734,-1910
-1734,-1342
-662,-1342
-662,-1342
-662,-1342
-662,-445
-72,-445
-72,-445
-72,-445
-72,383
-99,383
-99,383
-99,383
-99,922
-628,922
-628,922
-628,922
-628,922
-1546,922
-1546,922
-1546,922
-1546,195
-2586,195
-2586,195
-2586,195
-2586,-1001
-3208,-1001
-3208,-1001
-3208,-1001
-3208,-2045
-3028,-2045
-3028,-2045
-3028,-2045
-3028,-2513
-2211,-2513
-2211,-2513
-2211,-2513
-2211,-2398
-1216,-2398
-1216,-2398
-1216,-2398
-1216,-1815
-360,-1815
-360,-1815
-360,-1815
-360,-891
144,-891
144,-891
144,-891
144,-10
21,-10
21,-10
21,-10
21,275
-793,275
-793,275
-793,275
-793,-235
-1859,-235
-1859,-235
-1859,-235
-1859,-1210
-2566,-1210
-2566,-1210
-2566,-1210
-2566,-2217
-2656,-2217
-2656,-2217
-2656,-2217
-2656,-3007
-2203,-3007
-2203,-3007
-2203,-3007
-2203,-3335
-1303,-3335
-1303,-3335
-1303,-3335
-1303,-2944
-153,-2944
-153,-2944
-153,-2944
-153,-1948
752,-1948
752,-1948
752,-1948
752,-917
923,-917
923,-917
923,-917
923,-371
371,-371
371,-371
371,-371
371,-417
-483,-417
-483,-417
-483,-417
-483,-955
-1277,-955
-1277,-955
-1277,-955
-1277,-1895
-1793,-1895
-1793,-1895
-1793,-1895
-1793,-2933
-1747,-2933
-1747,-2933
-1747,-2933
-1747,-3510
-967,-3510
-967,-3510
-967,-3510
-967,-3280
237,-3280
237,-3280
237,-3280
237,-2454
1241,-2454
1241,-2454
1241,-2454
1241,-1473
1670,-1473
1670,-1473
1670,-1473
1670,-622
1531,-622
1531,-622
1531,-622
1531,-139
910,-139
910,-139
910,-139
910,-320
-63,-320
-63,-320
-63,-320
-63,-1194
-960,-1194
-960,-1194
-960,-1194
-960,-2280
-1225,-2280
-1225,-2280
-1225,-2280
-1225,-2989
-713,-2989
-713,-2989
-713,-2989
-713,-3110
228,-3110
228,-3110
228,-3110
228,-2704
1201,-2704
1201,-2704
1201,-2704
1201,-1843
1971,-1843
1971,-1843
1971,-1843
1971,-746
2261,-746
2261,-746
2261,-746
2261,55
1814,55
1814,55
1814,55
1814,98
797,98
797,98
797,98
797,-552
-201,-552
-201,-552
-201,-552
-201,-1479
-698,-1479
-698,-1479
-698,-1479
-698,-2355
-618,-2355
-618,-2355
-618,-2355
-618,-2949
-30,-2949
-30,-2949
-30,-2949
-30,-2949
982,-2949
982,-2949
982,-2949
982,-2202
2076,-2202
2076,-2202
2076,-2202
2076,-1068
2672,-1068
2672,-1068
2672,-1068
2672,-162
2476,-162
2476,-162
2476,-162
2476,187
1728,187
1728,187
1728,187
1728,-6
844,-6
844,-6
844,-6
844,-686
85,-686
85,-686
85,-686
85,-1709
-288,-1709
-288,-1709
-288,-1709
-288,-2604
37,-2604
37,-2604
37,-2604
37,-2826
1044,-2826
1044,-2826
1044,-2826
1044,-2281
2213,-2281
2213,-2281
2213,-2281
2213,-1332
2987,-1332
2987,-1332
2987,-1332
2987,-340
3188,-340
3188,-340
3188,-340
3188,463
2863,463
2863,463
2863,463
2863,768
2059,768
2059,768
2059,768
2059,322
1028,322
1028,322
1028,322
1028,-658
332,-658
332,-658
332,-658
332,-1569
398,-1569
398,-1569
398,-1569
398,-1979
1113,-1979
1113,-1979
1113,-1979
1113,-1830
2073,-1830
2073,-1830
2073,-1830
2073,-1166
2985,-1166
2985,-1166
2985,-1166
2985,-68
3600,-68
3600,-68
3600,-68
3600,1076
3579,1076
3579,1076
3579,1076
3579,1678
2802,1678
2802,1678
2802,1678
2802,1490
1676,1490
1676,1490
1676,1490
1676,783
803,783
803,783
803,783
803,-60
466,-60
466,-60
466,-60
466,-796
659,-796
659,-796
659,-796
659,-1133
1354,-1133
1354,-1133
1354,-1133
1354,-748
2388,-748
2388,-748
2388,-748
2388,293
3251,293
3251,293
3251,293
3251,1442
3417,1442
3417,1442
3417,1442
3417,2179
2847,2179
2847,2179
2847,2179
2847,2360
1906,2360
1906,2360
1906,2360
1906,2009
923,2009
923,2009
923,2009
923,1161
133,1161
133,1161
133,1161
133,107
-120,107
-120,107
-120,107
-120,-742
400,-742
400,-742
400,-742
400,-810
1000,-810
1000,-810
1000,-810
1000,-128
1964,-128
1964,-128
1964,-128
1964,987
2563,987
2563,987
2563,987
2563,1988
2441,1988
2441,1988
2441,1988
2441,2526
1721,2526
1721,2526
1721,2526
1721,2474
716,2474
716,2474
716,2474
716,1807
-271,1807
-271,1807
-271,1807
-271,714
-860,714
-860,714
-860,714
-860,-288
-703,-288
-703,-288
-703,-288
-703,-668
170,-668
170,-668
170,-668
170,-296
1288,-296
1288,-296
1288,-296
1288,585
2138,585
2138,585
2138,585
2138,1664
2461,1664
2461,1664
2461,1664
2461,2613
2165,2613
2165,2613
2165,2613
2165,3026
1267,3026
1267,3026
1267,3026
1267,2644
80,2644
80,2644
80,2644
80,1680
-816,1680
-816,1680
-816,1680
-816,669
-1004,669
-1004,669
-1004,669
-1004,38
-518,38
-518,38
-518,38
-518,-35
354,-35
354,-35
354,-35
354,518
1308,518
1308,518
1308,518
1308,1598
1983,1598
1983,1598
1983,1598
1983,2761
1979,2761
1979,2761
1979,2761
1979,3425
1186,3425
1186,3425
1186,3425
1186,3330
-19,3330
-19,3330
-19,3330
-19,2635
-1098,2635
-1098,2635
-1098,2635
-1098,1638
-1721,1638
-1721,1638
-1721,1638
-1721,648
-1753,648
-1753,648
-1753,648
-1753,68
-1154,68
-1154,68
-1154,68
-1154,244
-137,244
-137,244
-137,244
-137,1105
757,1105
757,1105
757,1105
757,2165
1018,2165
1018,2165
1018,2165
1018,2940
557,2940
557,2940
557,2940
557,3191
-384,3191
-384,3191
-384,3191
-384,2812
-1512,2812
-1512,2812
-1512,2812
-1512,1824
-2489,1824
-2489,1824
-2489,1824
-2489,575
-2885,575
-2885,575
-2885,575
-2885,-339
-2470,-339
-2470,-339
-2470,-339
-2470,-536
-1493,-536
-1493,-536
-1493,-536
-1493,-75
-490,-75
-490,-75
-490,-75
-490,771
143,771
143,771
143,771
143,1712
227,1712
227,1712
227,1712
227,2364
-325,2364
-325,2364
-325,2364
-325,2320
-1397,2320
-1397,2320
-1397,2320
-1397,1509
-2515,1509
-2515,1509
-2515,1509
-2515,336
-3107,336
-3107,336
-3107,336
-3107,-682
-2954,-682
-2954,-682
-2954,-682
-2954,-1239
-2229,-1239
-2229,-1239
-2229,-1239
-2229,-1191
-1212,-1191
-1212,-1191
-1212,-1191
-1212,-492
-216,-492
-216,-492
-216,-492
-216,613
330,613
330,613
330,613
330,1558
90,1558
90,1558
90,1558
90,1858
-823,1858
-823,1858
-823,1858
-823,1456
-1913,1456
-1913,1456
-1913,1456
-1913,585
-2727,585
-2727,585
-2727,585
-2727,-480
-3036,-480
-3036,-480
-3036,-480
-3036,-1385
-2715,-1385
-2715,-1385
-2715,-1385
-2715,-1687
-1791,-1687
-1791,-1687
-1791,-1687
-1791,-1184
-650,-1184
-650,-1184
-650,-1184
-650,-168
113,-168
113,-168
113,-168
113,836
154,836
154,836
154,836
154,1458
-447,1458
-447,1458
-447,1458
-447,1516
-1430,1516
-1430,1516
-1430,1516
-1430,907
-2508,907
-2508,907
-2508,907
-2508,-229
-3269,-229
-3269,-229
-3269,-229
-3269,-1384
-3304,-1384
-3304,-1384
-3304,-1384
-3304,-2003
-2581,-2003
-2581,-2003
-2581,-2003
-2581,-1904
-1523,-1904
-1523,-1904
-1523,-1904
-1523,-1261
-624,-1261
-624,-1261
-624,-1261
-624,-335
-167,-335
-167,-335
-167,-335
-167,555
-311,555
-311,555
-311,555
-311,958
-1104,958
-1104,958
-1104,958
-1104,558
-2265,558
-2265,558
-2265,558
-2265,-486
-3209,-486
-3209,-486
-3209,-486
-3209,-1674
-3485,-1674
-3485,-1674
-3485,-1674
-3485,-2580
-3065,-2580
-3065,-2580
-3065,-2580
-3065,-2978
-2171,-2978
-2171,-2978
-2171,-2978
-2171,-2721
-1068,-2721
-1068,-2721
-1068,-2721
-1068,-1852
-134,-1852
-134,-1852
-134,-1852
-134,-789
175,-789
175,-789
175,-789
175,-126
-308,-126
-308,-126
-308,-126
-308,-167
-1264,-167
-1264,-167
-1264,-167
-1264,-815
-2183,-815
-2183,-815
-2183,-815
-2183,-1832
-2723,-1832
-2723,-1832
-2723,-1832
-2723,-2928
-2695,-2928
-2695,-2928
-2695,-2928
-2695,-3667
-1986,-3667
-1986,-3667
-1986,-3667
-1986,-3645
-770,-3645
-770,-3645
-770,-3645
-770,-2875
419,-2875
419,-2875
419,-2875
419,-1799
1043,-1799
1043,-1799
1043,-1799
1043,-885
957,-885
957,-885
957,-885
957,-404
331,-404
331,-404
331,-404
331,-535
-594,-535
-594,-535
-594,-535
-594,-1325
-1479,-1325
-1479,-1325
-1479,-1325
-1479,-2460
-1856,-2460
-1856,-2460
-1856,-2460
-1856,-3343
-1432,-3343
-1432,-3343
-1432,-3343
-1432,-3560
-405,-3560
-405,-3560
-405,-3560
-405,-3111
730,-3111
730,-3111
730,-3111
730,-2203
1576,-2203
1576,-2203
1576,-2203
1576,-1097
1905,-1097
1905,-1097
1905,-1097
1905,-195
1561,-195
1561,-195
1561,-195
1561,38
604,38
604,38
604,38
604,-527
-508,-527
-508,-527
-508,-527
-508,-1540
-1188,-1540
-1188,-1540
-1188,-1540
-1188,-2513
-1170,-2513
-1170,-2513
-1170,-2513
-1170,-3123
-555,-3123
-555,-3123
-555,-3123
-555,-3166
438,-3166
438,-3166
438,-3166
438,-2523
1515,-2523
1515,-2523
1515,-2523
1515,-1396
2214,-1396
2214,-1396
2214,-1396
2214,-343
2147,-343
2147,-343
2147,-343
2147,128
1369,128
1369,128
1369,128
1369,-94
332,-94
332,-94
332,-94
332,-845
-524,-845
-524,-845
-524,-845
-524,-1894
-933,-1894
-933,-1894
-933,-1894
-933,-2880
-701,-2880
-701,-2880
-701,-2880
-701,-3315
212,-3315
212,-3315
212,-3315
212,-2934
1448,-2934
1448,-2934
1448,-2934
1448,-1972
2407,-1972
2407,-1972
2407,-1972
2407,-912
2710,-912
2710,-912
2710,-912
2710,-125
2371,-125
2371,-125
2371,-125
2371,156
1582,156
1582,156
1582,156
1582,-239
597,-239
597,-239
597,-239
597,-1224
-155,-1224
-155,-1224
-155,-1224
-155,-2310
-214,-2310
-214,-2310
-214,-2310
-214,-2924
510,-2924
510,-2924
510,-2924
510,-2840
1640,-2840
1640,-2840
1640,-2840
1640,-2161
2709,-2161
2709,-2161
2709,-2161
2709,-1090
3409,-1090
3409,-1090
3409,-1090
3409,62
3517,62
3517,62
3517,62
3517,809
2912,809
2912,809
2912,809
2912,778
1832,778
1832,778
1832,778
1832,63
854,63
854,63
854,63
854,-881
454,-881
454,-881
454,-881
454,-1645
716,-1645
716,-1645
716,-1645
716,-1966
1486,-1966
1486,-1966
1486,-1966
1486,-1633
2546,-1633
2546,-1633
2546,-1633
2546,-626
3512,-626
3512,-626
3512,-626
3512,661
3883,661
3883,661
3883,661
3883,1627
3433,1627
3433,1627
3433,1627
3433,1928
2428,1928
2428,1928
2428,1928
2428,1595
1344,1595
1344,1595
1344,1595
1344,798
528,798
528,798
528,798
528,-204
227,-204
227,-204
227,-204
227,-952
625,-952
625,-952
625,-952
625,-990
1607,-990
1607,-990
1607,-990
1607,-271
2655,-271
2655,-271
2655,-271
2655,815
3220,815
3220,815
3220,815
3220,1827
3110,1827
3110,1827
3110,1827
3110,2470
2427,2470
2427,2470
2427,2470
2427,2503
1360,2503
1360,2503
1360,2503
1360,1815
236,1815
236,1815
236,1815
236,681
-433,681
-433,681
-433,681
-433,-306
-301,-306
-301,-306
-301,-306
-301,-700
495,-700
495,-700
495,-700
495,-441
1506,-441
1506,-441
1506,-441
1506,336
2343,336
2343,336
2343,336
2343,1417
2741,1417
2741,1417
2741,1417
2741,2391
2468,2391
2468,2391
2468,2391
2468,2752
1526,2752
1526,2752
1526,2752
1526,2313
343,2313
343,2313
343,2313
343,1367
-492,1367
-492,1367
-492,1367
-492,370
-674,370
-674,370
-674,370
-674,-348
-242,-348
-242,-348
-242,-348
-242,-526
651,-526
651,-526
651,-526
651,23
1730,23
1730,23
1730,23
1730,1147
2509,1147
2509,1147
2509,1147
2509,2303
2544,2303
2544,2303
2544,2303
2544,2965
1829,2965
1829,2965
1829,2965
1829,2970
762,2970
762,2970
762,2970
762,2408
-241,2408
-241,2408
-241,2408
-241,1455
-890,1455
-890,1455
-890,1455
-890,460
-926,460
-926,460
-926,460
-926,-52
-244,-52
-244,-52
-244,-52
-244,236
837,236
837,236
837,236
837,1146
1724,1146
1724,1146
1724,1146
1724,2237
2008,2237
2008,2237
2008,2237
2008,3145
1645,3145
1645,3145
1645,3145
1645,3590
756,3590
756,3590
756,3590
756,3328
-440,3328
-440,3328
-440,3328
-440,2390
-1500,2390
-1500,2390
-1500,2390
-1500,1235
-1916,1235
-1916,1235
-1916,1235
-1916,440
-1541,440
-1541,440
-1541,440
-1541,276
-686,276
-686,276
-686,276
-686,705
217,705
217,705
217,705
217,1589
851,1589
851,1589
851,1589
851,2642
939,2642
939,2642
939,2642
939,3351
295,3351
295,3351
295,3351
295,3294
-890,3294
-890,3294
-890,3294
-890,2511
-2054,2511
-2054,2511
-2054,2511
-2054,1403
-2701,1403
-2701,1403
-2701,1403
-2701,362
-2693,362
-2693,362
-2693,362
-2693,-316
-2109,-316
-2109,-316
-2109,-316
-2109,-352
-1118,-352
-1118,-352
-1118,-352
-1118,341
-101,341
-101,341
-101,341
-101,1410
406,1410
406,1410
406,1410
406,2260
120,2260
120,2260
120,2260
120,2521
-754,2521
-754,2521
-754,2521
-754,2161
-1790,2161
-1790,2161
-1790,2161
-1790,1281
-2644,1281
-2644,1281
-2644,1281
-2644,110
-3027,110
-3027,110
-3027,110
-3027,-883
-2686,-883
-2686,-883
-2686,-883
-2686,-1194
-1685,-1194
-1685,-1194
-1685,-1194
-1685,-721
-517,-721
-517,-721
-517,-721
-517,207
260,207
260,207
260,207
260,1181
407,1181
407,1181
407,1181
407,1889
-44,1889
-44,1889
-44,1889
-44,2030
-973,2030
-973,2030
-973,2030
-973,1424
-2066,1424
-2066,1424
-2066,1424
-2066,299
-2792,299
-2792,299
-2792,299
-2792,-772
-2752,-772
-2752,-772
-2752,-772
-2752,-1327
-2026,-1327
-2026,-1327
-2026,-1327
-2026,-1253
-1008,-1253
-1008,-1253
-1008,-1253
-1008,-613
-68,-613
-68,-613
-68,-613
-68,424
494,424
494,424
494,424
494,1446
384,1446
384,1446
384,1446
384,1906
-460,1906
-460,1906
-460,1906
-460,1563
-1643,1563
-1643,1563
-1643,1563
-1643,647
-2578,647
-2578,647
-2578,647
-2578,-433
-2929,-433
-2929,-433
-2929,-433
-2929,-1348
-2662,-1348
-2662,-1348
-2662,-1348
-2662,-1787
-1863,-1787
-1863,-1787
-1863,-1787
-1863,-1495
-770,-1495
-770,-1495
-770,-1495
-770,-569
118,-569
118,-569
118,-569
118,474
313,474
313,474
313,474
313,1104
-243,1104
-243,1104
-243,1104
-243,1113
-1213,1113
-1213,1113
-1213,1113
-1213,523
-2210,523
-2210,523
-2210,523
-2210,-549
-2925,-549
-2925,-549
-2925,-549
-2925,-1763
-3035,-1763
-3035,-1763
-3035,-1763
-3035,-2568
-2373,-2568
-2373,-2568
-2373,-2568
-2373,-2592
-1209,-2592
-1209,-2592
-1209,-2592
-1209,-1949
-125,-1949
-125,-1949
-125,-1949
-125,-1023
454,-1023
454,-1023
454,-1023
454,-161
422,-161
422,-161
422,-161
422,323
-174,323
-174,323
-174,323
-174,123
-1163,123
-1163,123
-1163,123
-1163,-792
-2103,-792
-2103,-792
-2103,-792
-2103,-1995
-2450,-1995
-2450,-1995
-2450,-1995
-2450,-2911
-2004,-2911
-2004,-2911
-2004,-2911
-2004,-3241
-1020,-3241
-1020,-3241
-1020,-3241
-1020,-2948
113,-2948
113,-2948
113,-2948
113,-2106
1074,-2106
1074,-2106
1074,-2106
1074,-974
1530,-974
1530,-974
1530,-974
1530,-81
1225,-81
1225,-81
1225,-81
1225,105
295,105
295,105
295,105
295,-439
-723,-439
-723,-439
-723,-439
-723,-2885
-159,-2885
-159,-2885
-159,-2885
-159,-2561
757,-2561
757,-2561
757,-2561
757,-1837
1512,-1837
1512,-1837
1512,-1837
1512,-822
1918,-822
1918,-822
1918,-822
1918,6
1513,6
1513,6
1513,6
1513,133
543,133
543,133
543,133
543,-405
-423,-405
-423,-405
-423,-405
-423,-1205
-933,-1205
-933,-1205
-933,-1205
-933,-2003
-962,-2003
-962,-2003
-962,-2003
-962,-2635
-567,-2635
-567,-2635
-567,-2635
-567,-2762
265,-2762
265,-2762
265,-2762
265,-2151
1274,-2151
1274,-2151
1274,-2151
1274,-1114
1868,-1114
1868,-1114
1868,-1114
1868,-274
1705,-274
1705,-274
1705,-274
1705,60
1014,60
1014,60
1014,60
1014,-72
189,-72
189,-72
189,-72
189,-652
-575,-652
-575,-652
-575,-652
-575,-1629
-1051,-1629
-1051,-1629
-1051,-1629
-1051,-2572
-877,-2572
-877,-2572
-877,-2572
-877,-2906
2,-2906
2,-2906
2,-2906
2,-2511
1088,-2511
1088,-2511
1088,-2511
1088,-1741
1825,-1741
1825,-1741
1825,-1741
1825,-909
2073,-909
2073,-909
2073,-909
2073,-169
1893,-169
1893,-169
1893,-169
1893,178
1255,178
1255,178
1255,178
1255,-196
318,-196
318,-196
318,-196
318,-1135
-367,-1135
-367,-1135
-367,-1135
-367,-2042
-333,-2042
-333,-2042
-333,-2042
-333,-2493
328,-2493
328,-2493
328,-2493
328,-2462
1224,-2462
1224,-2462
1224,-2462
1224,-1972
2125,-1972
2125,-1972
2125,-1972
2125,-1018
2837,-1018
2837,-1018
2837,-1018
2837,75
2990,75
2990,75
2990,75
2990,698
2384,698
2384,698
2384,698
2384,577
1395,577
1395,577
1395,577
1395,-22
626,-22
626,-22
626,-22
626,-749
331,-749
331,-749
331,-749
331,-1439
473,-1439
473,-1439
473,-1439
473,-1839
1074,-1839
1074,-1839
1074,-1839
1074,-1567
2068,-1567
2068,-1567
2068,-1567
2068,-615
2981,-615
2981,-615
2981,-615
2981,490
3255,490
3255,490
3255,490
3255,1231
2829,1231
2829,1231
2829,1231
2829,1495
2059,1495
2059,1495
2059,1495
2059,1307
1212,1307
1212,1307
1212,1307
1212,619
455,619
455,619
455,619
455,-352
137,-352
137,-352
137,-352
137,-1017
574,-1017
574,-1017
574,-1017
574,-955
1546,-955
1546,-955
1546,-955
1546,-316
2445,-316
2445,-316
2445,-316
2445,532
2899,532
2899,532
2899,532
2899,1396
2900,1396
2900,1396
2900,1396
2900,2069
2436,2069
2436,2069
2436,2069
2436,2153
1504,2153
1504,2153
1504,2153
1504,1489
480,1489
480,1489
480,1489
480,493
-33,493
-33,493
-33,493
-33,-263
182,-263
182,-263
182,-263
182,-566
839,-566
839,-566
839,-566
839,-427
1636,-427
1636,-427
1636,-427
1636,217
2420,217
2420,217
2420,217
2420,1263
2886,1263
2886,1263
2886,1263
2886,2179
2641,2179
2641,2179
2641,2179
2641,2431
1737,2431
1737,2431
1737,2431
1737,2020
731,2020
731,2020
731,2020
731,1304
97,1304
97,1304
97,1304
97,515
-82,515
-82,515
-82,515
-82,-174
199,-174
199,-174
199,-174
199,-381
992,-381
992,-381
992,-381
992,176
2030,176
2030,176
2030,176
2030,1224
2704,1224
2704,1224
2704,1224
2704,2172
2651,2172
2651,2172
2651,2172
2651,2709
2059,2709
2059,2709
2059,2709
2059,2816
1254,2816
1254,2816
1254,2816
1254,2427
393,2427
393,2427
393,2427
393,1549
-278,1549
-278,1549
-278,1549
-278,615
-331,615
-331,615
-331,615
-331,235
347,235
347,235
347,235
347,569
1299,569
1299,569
1299,569
1299,1309
1978,1309
1978,1309
1978,1309
1978,2181
2210,2181
2210,2181
2210,2181
2210,3029
1982,3029
1982,3029
1982,3029
1982,3508
1213,3508
1213,3508
1213,3508
1213,3246
57,3246
57,3246
57,3246
57,2357
-914,2357
-914,2357
-914,2357
-914,1406
-1207,1406
-1207,1406
-1207,1406
-1207,801
-881,801
-881,801
-881,801
-881,603
-271,603
-271,603
-271,603
-271,868
439,868
439,868
439,868
439,1666
1060,1666
1060,1666
1060,1666
1060,2683
1175,2683
1175,2683
1175,2683
1175,3289
528,3289
528,3289
528,3289
528,3162
-558,3162
-558,3162
-558,3162
-558,2518
-1508,2518
-1508,2518
-1508,2518
-1508,1659
-2052,1659
-2052,1659
-2052,1659
-2052,744
-2154,744
-2154,744
-2154,744
-2154,68
-1715,68
-1715,68
-1715,68
-1715,61
-779,61
-779,61
-779,61
-779,767
157,767
157,767
157,767
157,1690
503,1690
503,1690
503,1690
503,2339
168,2339
168,2339
168,2339
168,2591
-537,2591
-537,2591
-537,2591
-537,2406
-1388,2406
-1388,2406
-1388,2406
-1388,1666
-2228,1666
-2228,1666
-2228,1666
-2228,554
-2682,554
-2682,554
-2682,554
-2682,-327
-2388,-327
-2388,-327
-2388,-327
-2388,-519
-1515,-519
-1515,-519
-1515,-519
-1515,-112
-621,-112
-621,-112
-621,-112
-621,588
-67,588
-67,588
-67,588
-67,1412
82,1412
82,1412
82,1412
82,2115
-277,2115
-277,2115
-277,2115
-277,2244
-1202,2244
-1202,2244
-1202,2244
-1202,1603
-2308,1603
-2308,1603
-2308,1603
-2308,583
-2952,583
-2952,583
-2952,583
-2952,-268
-2877,-268
-2877,-268
-2877,-268
-2877,-742
-2328,-742
-2328,-742
-2328,-742
-2328,-806
-1573,-806
-1573,-806
-1573,-806
-1573,-329
-756,-329
-756,-329
-756,-329
-756,628
-203,628
-203,628
-203,628
-203,1541
-341,1541
-341,1541
-341,1541
-341,1852
-1157,1852
-1157,1852
-1157,1852
-1157,1505
-2146,1505
-2146,1505
-2146,1505
-2146,782
-2873,782
-2873,782
-2873,782
-2873,-132
-3230,-132
-3230,-132
-3230,-132
-3230,-1042
-3125,-1042
-3125,-1042
-3125,-1042
-3125,-1507
-2423,-1507
-2423,-1507
-2423,-1507
-2423,-1192
-1369,-1192
-1369,-1192
-1369,-1192
-1369,-347
-600,-347
-600,-347
-600,-347
-600,458
-532,458
-532,458
-532,458
-532,913
-1027,913
-1027,913
-1027,913
-1027,974
-1797,974
-1797,974
-1797,974
-1797,519
-2688,519
-2688,519
-2688,519
-2688,-490
-3420,-490
-3420,-490
-3420,-490
-3420,-1636
-3535,-1636
-3535,-1636
-3535,-1636
-3535,-2306
-2894,-2306
-2894,-2306
-2894,-2306
-2894,-2300
-1918,-2300
-1918,-2300
-1918,-2300
-1918,-1846
-1105,-1846
-1105,-1846
-1105,-1846
-1105,-1145
-616,-1145
-616,-1145
-616,-1145
-616,-345
-522,-345
-522,-345
-522,-345
-522,155
-1000,155
-1000,155
-1000,155
-1000,-85
-1951,-85
-1951,-85
-1951,-85
-1951,-988
-2802,-988
-2802,-988
-2802,-988
-2802,-2005
-3018,-2005
-3018,-2005
-3018,-2005
-3018,-2728
-2590,-2728
-2590,-2728
-2590,-2728
-2590,-3067
-1794,-3067
